group_id,counter_records,counter_unique_files,counter_unique_ids,split,id,source,label,title,image_path_lookup,pixel_hash
3,23,23,23,train,gossipcop-927680,gossipcop,real,'Roseanne': Johnny Galecki Returns With Big News,images\train\gossipcop-927680_0_cd3a877011.jpg,b0f6ffed41b438fca077245d32fdb00883cdf6919793118a92d0b1a92b7eb434
6,14,14,14,train,gossipcop-1537867221,gossipcop,fake,"Bizarre behaviour, drug-taking and wandering round naked: Why Britney could lose her children",images\train\gossipcop-1537867221_0_22757645c6.jpg,143e32ffe52abe2f55d9038e1214a42eb7a6e10881ec609a18be9500ed7f5865
1,33,33,33,train,gossipcop-889550,gossipcop,real,Anna Wintour Reveals Who She Would Never Invite Back to the Met Gala,images\train\gossipcop-889550_2_8316ad7c7a.jpg,6d92ed2a1f0519bb5cfbcb70425b856dd1aaf8790b749c73e1bd46d4d20391a7
7,14,14,14,train,gossipcop-1169823957,gossipcop,fake,We ask Londoners about Prince Harry and Meghan Markle. Their responses may surprise you,images\train\gossipcop-1169823957_0_79bba41ed4.jpg,45d13637de0155e764246b9953b417376f6f80163d0242e846b6bbcd8d7ef544
18,6,6,6,train,gossipcop-3108954033,gossipcop,fake,Gwen Stefani Is Still Smitten With Blake Shelton and 'Has Never Once' Tried to Change Him (Exclusive),images\train\gossipcop-3108954033_0_5188f6bfd7.jpg,144f24a855ac78d963787859ca29e3960490e514e809206b009faae2b25b53ff
8,13,13,13,train,gossipcop-11452309,gossipcop,fake,Paula Abdul’s Injury Sparks Eating Disorder Relapse Worries!,images\train\gossipcop-11452309_0_7011549a48.jpg,24a381d1b38177a5d3b7d10fd3cc4fbd2110b51973f600548f55b8d1ee30280e
23,5,5,5,train,gossipcop-952906,gossipcop,real,David Spade recalls Kate Spade's beautiful spirit a month after her death,images\train\gossipcop-952906_0_fdaefb8ec4.jpg,2a890006076c9e125d76e4f86b48410512a0d8233d294a62161f7d9b6ebdbbbd
9,12,12,12,train,gossipcop-2111229547,gossipcop,fake,Why Debra Messing Was Nervous to Star in 'Searching',images\train\gossipcop-2111229547_0_86397e3565.jpg,7fef15cce525c90be82e7b2c146bdc87813de6b751b08470026e7e92e028e987
1,33,33,33,train,gossipcop-896162,gossipcop,real,Stassi Schroeder Apologizes for Controversial #MeToo Comments,images\train\gossipcop-896162_2_8316ad7c7a.jpg,6d92ed2a1f0519bb5cfbcb70425b856dd1aaf8790b749c73e1bd46d4d20391a7
13,8,8,8,train,gossipcop-4315795137,gossipcop,fake,'Good riddance': Celebrities react to the death of Charles Manson,images\train\gossipcop-4315795137_0_fd40f6272e.jpg,3a096c75f092796add8dd2d74062a9d6ed8aa7bc42ca1fbf1e197c30869d66b4
3,23,23,23,train,gossipcop-852750,gossipcop,real,"Caroline Manzo Speaks Out After Sister Dina’s Brutal Burglary, Wants Justice",images\train\gossipcop-852750_0_cd3a877011.jpg,b0f6ffed41b438fca077245d32fdb00883cdf6919793118a92d0b1a92b7eb434
22,5,5,5,train,politifact13260,politifact,real,PolitiFact’s annotated transcript of the second presidential debate,images\train\politifact13260_0_d6ab0a9a22.jpg,220548327d54cd27e2d9d62c310c778b554258b237ee1b489b15158eec3cec18
17,7,7,7,train,gossipcop-903281,gossipcop,real,Stars Shine at the Palm Springs International Film Festival,images\train\gossipcop-903281_0_9f08517f68.jpg,99ad091260bef031fdaddb630f7aeb70911b466bcfe7e5061aa71ab1a64b4117
17,7,7,7,train,gossipcop-934384,gossipcop,real,Star Wars Fans Show Up for 'Solo' Red Carpet in Hollywood,images\train\gossipcop-934384_0_9f08517f68.jpg,99ad091260bef031fdaddb630f7aeb70911b466bcfe7e5061aa71ab1a64b4117
7,14,14,14,train,gossipcop-876634,gossipcop,real,Sandra Bullock donates $1 million to Harvey Red Cross relief,images\train\gossipcop-876634_0_79bba41ed4.jpg,45d13637de0155e764246b9953b417376f6f80163d0242e846b6bbcd8d7ef544
3,23,23,23,train,gossipcop-910860,gossipcop,real,Mama June Trash Talks Daughter Pumpkin's Fiance,images\train\gossipcop-910860_0_cd3a877011.jpg,b0f6ffed41b438fca077245d32fdb00883cdf6919793118a92d0b1a92b7eb434
9,12,12,12,train,gossipcop-954809,gossipcop,real,Camila Cabello Opens Up About Her Special Connection With Taylor Swift,images\train\gossipcop-954809_0_2600b252c7.jpg,7fef15cce525c90be82e7b2c146bdc87813de6b751b08470026e7e92e028e987
5,15,15,15,train,gossipcop-922444,gossipcop,real,John Stamos Recalls Full House Baby Bump and Can’t Wait for Fatherhood,images\train\gossipcop-922444_0_1b2781c9c4.jpg,733bcb9966523c9373051c4a0a944151c63feedc07e93564750a26281b7c5573
25,5,5,5,train,gossipcop-938728,gossipcop,real,Andy Cohen and Jimmy Fallon Lose Their Cool in a Nutty Game of Jinx.,images\train\gossipcop-938728_1_02dd4906e5.jpg,b381e492131996e2b2cb05959377793c20d0aa815af2f7bc857046983d85eb96
6,14,14,14,train,gossipcop-887239,gossipcop,real,Miley Cyrus takes family drama in her stride as dad Billy Ray storms out of interview,images\train\gossipcop-887239_0_22757645c6.jpg,143e32ffe52abe2f55d9038e1214a42eb7a6e10881ec609a18be9500ed7f5865
3,23,23,23,train,gossipcop-884385,gossipcop,real,How 'Dancing With the Stars' Paid Tribute to Las Vegas Shooting Victims,images\train\gossipcop-884385_0_cd3a877011.jpg,b0f6ffed41b438fca077245d32fdb00883cdf6919793118a92d0b1a92b7eb434
3,23,23,23,train,gossipcop-860319,gossipcop,real,Scott Disick Admits He Doesn't Have Any Father's Day Plans While Partying in Vegas,images\train\gossipcop-860319_0_cd3a877011.jpg,b0f6ffed41b438fca077245d32fdb00883cdf6919793118a92d0b1a92b7eb434
1,33,33,33,train,gossipcop-1143311659,gossipcop,fake,Will Arnett Girlfriend: Dating Producer Erin David After Katie Lee,images\train\gossipcop-1143311659_2_8316ad7c7a.jpg,6d92ed2a1f0519bb5cfbcb70425b856dd1aaf8790b749c73e1bd46d4d20391a7
1,33,33,33,train,gossipcop-214133115,gossipcop,fake,Rihanna Cradles Newborn Baby in Loving Twitter Pictures,images\train\gossipcop-214133115_2_8316ad7c7a.jpg,6d92ed2a1f0519bb5cfbcb70425b856dd1aaf8790b749c73e1bd46d4d20391a7
13,8,8,8,train,gossipcop-4697947797,gossipcop,fake,Caitlyn Jenner considering a bid for U.S. Senate in California,images\train\gossipcop-4697947797_0_fd40f6272e.jpg,3a096c75f092796add8dd2d74062a9d6ed8aa7bc42ca1fbf1e197c30869d66b4
3,23,23,23,train,gossipcop-894177,gossipcop,real,Get a Sneak Peek at the 'KUWTK' Christmas Special,images\train\gossipcop-894177_0_cd3a877011.jpg,b0f6ffed41b438fca077245d32fdb00883cdf6919793118a92d0b1a92b7eb434
12,9,9,9,train,gossipcop-8139891112,gossipcop,fake,Jessica Hits Rock Bottom!,images\train\gossipcop-8139891112_0_c589845af4.jpg,ddd8f6eb1317991fb306851232426ad2a3311824a194f8c7bc9ebda1cd9025b1
8,13,13,13,train,gossipcop-9393662304,gossipcop,fake,A Source Reported That Blake Shelton Is Cheating On Gwen Stefani – Their Friends Still Believe That The Couple Will Walk Down The Aisle Someday,images\train\gossipcop-9393662304_0_7011549a48.jpg,24a381d1b38177a5d3b7d10fd3cc4fbd2110b51973f600548f55b8d1ee30280e
3,23,23,23,train,gossipcop-860307,gossipcop,real,Jenelle Evans Takes Son Jace on Horseback Riding Trip After Custody Battle,images\train\gossipcop-860307_0_cd3a877011.jpg,b0f6ffed41b438fca077245d32fdb00883cdf6919793118a92d0b1a92b7eb434
2,25,25,25,train,gossipcop-883321,gossipcop,real,Jenna Dewan Tatum Still Has Her Step Up Boots and 8 More Things to Know,images\train\gossipcop-883321_0_75fcf3b814.jpg,d41d1f9efb49332679396ac8b7cfa0f51cf505041056790074e6d729c0a917b2
4,18,18,18,train,gossipcop-857436,gossipcop,real,The Demise of the Hollywood Power Couple: Will A-List Dating Ever Be the Same?,images\train\gossipcop-857436_2_04de84df93.jpg,b0c13b3bae5301b6795a26a23861e11e08b7347aa93a520ff3f377955ddc4f19
7,14,14,14,train,gossipcop-885640,gossipcop,real,Family and 'Star Trek' co-stars pay tribute to Anton Yelchin,images\train\gossipcop-885640_0_79bba41ed4.jpg,45d13637de0155e764246b9953b417376f6f80163d0242e846b6bbcd8d7ef544
2,25,25,25,train,gossipcop-2595922573,gossipcop,fake,Channing Tatum Having a 'Hard' Time with Jenna Dewan Split: It's a 'Big Adjustment',images\train\gossipcop-2595922573_0_75fcf3b814.jpg,d41d1f9efb49332679396ac8b7cfa0f51cf505041056790074e6d729c0a917b2
4,18,18,18,train,gossipcop-858927,gossipcop,real,Gal Gadot and Chris Hemsworth Spar on Social Media Over Whether Wonder Woman or Thor Would Win in a…,images\train\gossipcop-858927_2_04de84df93.jpg,b0c13b3bae5301b6795a26a23861e11e08b7347aa93a520ff3f377955ddc4f19
6,14,14,14,train,gossipcop-1601939859,gossipcop,fake,Kristen Stewart is usual scowling self on night out with Robert Pattinson,images\train\gossipcop-1601939859_0_22757645c6.jpg,143e32ffe52abe2f55d9038e1214a42eb7a6e10881ec609a18be9500ed7f5865
5,15,15,15,train,gossipcop-913715,gossipcop,real,Does the Cast of The Bachelor Winter Games Know the Lyrics to Their Own Anthem?,images\train\gossipcop-913715_0_1b2781c9c4.jpg,733bcb9966523c9373051c4a0a944151c63feedc07e93564750a26281b7c5573
3,23,23,23,train,gossipcop-862700,gossipcop,real,Lauren Bushnell Says There's 'No Bad Blood' With Ex Ben Higgins One Year After Breakup,images\train\gossipcop-862700_0_cd3a877011.jpg,b0f6ffed41b438fca077245d32fdb00883cdf6919793118a92d0b1a92b7eb434
5,15,15,15,train,gossipcop-931720,gossipcop,real,James Van Der Beek Delivers Inspiring Message to Fans With Dyslexia,images\train\gossipcop-931720_0_1b2781c9c4.jpg,733bcb9966523c9373051c4a0a944151c63feedc07e93564750a26281b7c5573
10,10,10,10,train,gossipcop-928414,gossipcop,real,Letitia Wright raps about Red Lobster and vibranium for Jimmy Fallon,images\train\gossipcop-928414_0_32171cb205.jpg,44532a0583eb158cd87c609480854a6cbc6e57383b0ce8e8549208e217683795
9,12,12,12,train,gossipcop-1454304840,gossipcop,fake,Obamas Celebrate 25th Anniversary After False Split Stories,images\train\gossipcop-1454304840_0_8fe4e20e59.jpg,7fef15cce525c90be82e7b2c146bdc87813de6b751b08470026e7e92e028e987
20,6,6,6,train,gossipcop-883984,gossipcop,real,'Hallelujah'! Tori Kelly Is Engaged to Basketball Player Boyfriend André Murillo,images\train\gossipcop-883984_0_0c3365f52b.jpg,831c332826c2850fc6ec4f7ceead1a2c7432e2d43dbccdd97a21a920177f3378
4,18,18,18,train,gossipcop-859429,gossipcop,real,Ed Sheeran’s Carpool Karaoke Features One Very Silly Justin Bieber Story,images\train\gossipcop-859429_2_04de84df93.jpg,b0c13b3bae5301b6795a26a23861e11e08b7347aa93a520ff3f377955ddc4f19
9,12,12,12,train,gossipcop-4208289619,gossipcop,fake,Celebrities Thank Barack Obama On Last Day As President,images\train\gossipcop-4208289619_0_76a32babf2.jpg,7fef15cce525c90be82e7b2c146bdc87813de6b751b08470026e7e92e028e987
20,6,6,6,train,gossipcop-906610,gossipcop,real,The Chainsmokers' Alex Pall Allegedly Caught Cheating by Girlfriend Tori Woodward in CCTV Video,images\train\gossipcop-906610_0_0c3365f52b.jpg,831c332826c2850fc6ec4f7ceead1a2c7432e2d43dbccdd97a21a920177f3378
10,10,10,10,train,gossipcop-920314,gossipcop,real,Ben Affleck and Matt Damon's production company to adopt inclusion riders,images\train\gossipcop-920314_0_32171cb205.jpg,44532a0583eb158cd87c609480854a6cbc6e57383b0ce8e8549208e217683795
7,14,14,14,train,gossipcop-1584523188,gossipcop,fake,Ryan Phillippe on ex-girlfriend's lawsuit: 'Every one of my accuser's allegations is false',images\train\gossipcop-1584523188_0_79bba41ed4.jpg,45d13637de0155e764246b9953b417376f6f80163d0242e846b6bbcd8d7ef544
4,18,18,18,train,gossipcop-858032,gossipcop,real,Alexa Chung Says You Must Own This 1 Piece From Her Latest Collection,images\train\gossipcop-858032_2_04de84df93.jpg,b0c13b3bae5301b6795a26a23861e11e08b7347aa93a520ff3f377955ddc4f19
3,23,23,23,train,gossipcop-4988611075,gossipcop,fake,Kim Kardashian-Kanye West Divorce Rumors Proven False,images\train\gossipcop-4988611075_0_cd3a877011.jpg,b0f6ffed41b438fca077245d32fdb00883cdf6919793118a92d0b1a92b7eb434
1,33,33,33,train,gossipcop-874063,gossipcop,real,Dylan Sprouse Responds to Allegations He Cheated on Dayna Frazer,images\train\gossipcop-874063_2_8316ad7c7a.jpg,6d92ed2a1f0519bb5cfbcb70425b856dd1aaf8790b749c73e1bd46d4d20391a7
24,5,5,5,train,gossipcop-955246,gossipcop,real,"Kristen Cavallari's New Reality Show Is So Bad, It's Good",images\train\gossipcop-955246_0_7f261942c4.jpg,940722979531fb4650db20f9170164db8bda0c8f7c030d3cbd1563f5f6e6ac90
6,14,14,14,train,gossipcop-854060,gossipcop,real,Gwen Stefani News on Partner Blake Shelton and The Voice,images\train\gossipcop-854060_1_22757645c6.jpg,143e32ffe52abe2f55d9038e1214a42eb7a6e10881ec609a18be9500ed7f5865
15,7,7,7,train,gossipcop-902068207,gossipcop,fake,We Really Think Ben Affleck's Girlfriend Lindsay Shookus Is Pregnant,images\train\gossipcop-902068207_1_8c1a093007.jpg,3d1120eb776c43c7263c293c32adbdeece9112eaf00ed922d1b24a3762dbfab8
1,33,33,33,train,gossipcop-870213,gossipcop,real,Carmelo Anthony Posts Sexy Photo of La La Amid Split,images\train\gossipcop-870213_2_8316ad7c7a.jpg,6d92ed2a1f0519bb5cfbcb70425b856dd1aaf8790b749c73e1bd46d4d20391a7
6,14,14,14,train,gossipcop-5125414392,gossipcop,fake,Colin Jost calls Scarlett Johansson his 'girlfriend' for first time,images\train\gossipcop-5125414392_0_22757645c6.jpg,143e32ffe52abe2f55d9038e1214a42eb7a6e10881ec609a18be9500ed7f5865
5,15,15,15,train,gossipcop-926279,gossipcop,real,Paris Jackson Is Ready for Spring Strolls in $32 Sandals,images\train\gossipcop-926279_0_1b2781c9c4.jpg,733bcb9966523c9373051c4a0a944151c63feedc07e93564750a26281b7c5573
5,15,15,15,train,gossipcop-907592,gossipcop,real,The Most Empowering Quotes on the 2018 SAG Awards Red Carpet,images\train\gossipcop-907592_0_1b2781c9c4.jpg,733bcb9966523c9373051c4a0a944151c63feedc07e93564750a26281b7c5573
7,14,14,14,train,gossipcop-915935,gossipcop,real,"Kylie Jenner named her baby Stormi, and revealed her last name",images\train\gossipcop-915935_0_79bba41ed4.jpg,45d13637de0155e764246b9953b417376f6f80163d0242e846b6bbcd8d7ef544
7,14,14,14,train,gossipcop-899577,gossipcop,real,Paris Hilton drags Lindsay Lohan while explaining their famous photo with Britney Spears,images\train\gossipcop-899577_0_79bba41ed4.jpg,45d13637de0155e764246b9953b417376f6f80163d0242e846b6bbcd8d7ef544
16,7,7,7,train,gossipcop-6248988606,gossipcop,fake,Why All Ladies Crush on Angelina Jolie,images\train\gossipcop-6248988606_0_69e01bbfbb.jpg,3da54976f2cadfc600daf0eda68efb5f13c95da0cf926f7bcae226529457af73
4,18,18,18,train,gossipcop-861381,gossipcop,real,Queen of the South’s Jon Ecker Opens Up About His Role and Growing Up With a Famous Father,images\train\gossipcop-861381_2_04de84df93.jpg,b0c13b3bae5301b6795a26a23861e11e08b7347aa93a520ff3f377955ddc4f19
8,13,13,13,train,gossipcop-2225119088,gossipcop,fake,Kris Jenner Wants Paris Jackson To Join ‘Keeping Up With The Kardashians’ Amid Ratings Woes,images\train\gossipcop-2225119088_0_7011549a48.jpg,24a381d1b38177a5d3b7d10fd3cc4fbd2110b51973f600548f55b8d1ee30280e
23,5,5,5,train,gossipcop-952310,gossipcop,real,As Selena Gomez landed at the top after a roller coaster year,images\train\gossipcop-952310_0_fdaefb8ec4.jpg,2a890006076c9e125d76e4f86b48410512a0d8233d294a62161f7d9b6ebdbbbd
10,10,10,10,train,gossipcop-851704,gossipcop,real,Riverdale star Lili Reinhart responds to critics of mental health tweets: 'I'm not going to keep my mouth shut',images\train\gossipcop-851704_0_32171cb205.jpg,44532a0583eb158cd87c609480854a6cbc6e57383b0ce8e8549208e217683795
11,10,10,10,train,gossipcop-857377,gossipcop,real,Ellen DeGeneres’ Favourite Fashion Moment Was The Bjork Swan Dress,images\train\gossipcop-857377_0_1ae196844c.jpg,6e4f3eafbd3fb4f53cec09c19a6bcc8f9786cc01c8f63de67b99c388b6b7b6d2
9,12,12,12,train,gossipcop-9583470247,gossipcop,fake,Are Mariah Carey & Joe Jonas Feuding?,images\train\gossipcop-9583470247_0_dee8ec7b16.jpg,7fef15cce525c90be82e7b2c146bdc87813de6b751b08470026e7e92e028e987
2,25,25,25,train,gossipcop-8536539547,gossipcop,fake,From Welcoming a Baby Together to Their Joint GQ Cover: Inside Kylie Jenner & Travis Scott's Whirlwind Romance,images\train\gossipcop-8536539547_0_75fcf3b814.jpg,d41d1f9efb49332679396ac8b7cfa0f51cf505041056790074e6d729c0a917b2
23,5,5,5,train,gossipcop-955008,gossipcop,real,Jennifer Lopez looks back at her memorable birthday party with Alex Rodriguez,images\train\gossipcop-955008_0_fdaefb8ec4.jpg,2a890006076c9e125d76e4f86b48410512a0d8233d294a62161f7d9b6ebdbbbd
18,6,6,6,train,gossipcop-1919418708,gossipcop,fake,Gwen Stefani Is Still Smitten With Blake Shelton and 'Has Never Once' Tried to Change Him (Exclusive),images\train\gossipcop-1919418708_0_5188f6bfd7.jpg,144f24a855ac78d963787859ca29e3960490e514e809206b009faae2b25b53ff
20,6,6,6,train,gossipcop-935570,gossipcop,real,"Cardi B Has Been with 'A Lot' of Women, Apologizes for Rita Ora ""Girls"" Lyrics",images\train\gossipcop-935570_0_0c3365f52b.jpg,831c332826c2850fc6ec4f7ceead1a2c7432e2d43dbccdd97a21a920177f3378
6,14,14,14,train,gossipcop-983270375,gossipcop,fake,Brad Pitt's 'near breakdown',images\train\gossipcop-983270375_0_22757645c6.jpg,143e32ffe52abe2f55d9038e1214a42eb7a6e10881ec609a18be9500ed7f5865
4,18,18,18,train,gossipcop-857342,gossipcop,real,Andy Cohen Spills All on The Real Housewives: Craziest Moment Most Demanding Star and More,images\train\gossipcop-857342_2_04de84df93.jpg,b0c13b3bae5301b6795a26a23861e11e08b7347aa93a520ff3f377955ddc4f19
9,12,12,12,train,gossipcop-3965602543,gossipcop,fake,Tinashe Slammed For Saying Black Community Won't 'Fully Accept' Her Over Light Skin,images\train\gossipcop-3965602543_0_3f08c41997.jpg,7fef15cce525c90be82e7b2c146bdc87813de6b751b08470026e7e92e028e987
5,15,15,15,train,gossipcop-910190,gossipcop,real,"Kelly Clarkson Fangirls Over Khalid, Lorde Flashes Her Flask & More OMG Moments From the 2018 Grammys",images\train\gossipcop-910190_0_1b2781c9c4.jpg,733bcb9966523c9373051c4a0a944151c63feedc07e93564750a26281b7c5573
11,10,10,10,train,gossipcop-905567,gossipcop,real,YouTuber Shane Dawson Apologizes After ‘Really S***ty F**king’ Pedophilia Jokes Emerge,images\train\gossipcop-905567_0_1ae196844c.jpg,6e4f3eafbd3fb4f53cec09c19a6bcc8f9786cc01c8f63de67b99c388b6b7b6d2
17,7,7,7,train,gossipcop-893647,gossipcop,real,Jimmy Fallon Makes Emotional Return to Late Night After Mother's Death,images\train\gossipcop-893647_0_9f08517f68.jpg,99ad091260bef031fdaddb630f7aeb70911b466bcfe7e5061aa71ab1a64b4117
12,9,9,9,train,gossipcop-2024808843,gossipcop,fake,Paris Jackson Lesbian Bombshell!,images\train\gossipcop-2024808843_0_c589845af4.jpg,ddd8f6eb1317991fb306851232426ad2a3311824a194f8c7bc9ebda1cd9025b1
2,25,25,25,train,gossipcop-846092,gossipcop,real,Serena Williams Says She Accidentally Announced Her Pregnancy: 'You Press the Wrong Button And...',images\train\gossipcop-846092_0_75fcf3b814.jpg,d41d1f9efb49332679396ac8b7cfa0f51cf505041056790074e6d729c0a917b2
16,7,7,7,train,gossipcop-6449992903,gossipcop,fake,"Jessica Simpson: ""I'm Not Pregnant""",images\train\gossipcop-6449992903_0_69e01bbfbb.jpg,3da54976f2cadfc600daf0eda68efb5f13c95da0cf926f7bcae226529457af73
7,14,14,14,train,gossipcop-514547189,gossipcop,fake,Angelina Jolie accuses Brad Pitt of not paying 'meaningful' child support in court docs,images\train\gossipcop-514547189_0_79bba41ed4.jpg,45d13637de0155e764246b9953b417376f6f80163d0242e846b6bbcd8d7ef544
2,25,25,25,train,gossipcop-915365,gossipcop,real,David Cross Supports Arrested Development Costar Jeffrey Tambor Amid Sexual Harassment Claims,images\train\gossipcop-915365_0_75fcf3b814.jpg,d41d1f9efb49332679396ac8b7cfa0f51cf505041056790074e6d729c0a917b2
1,33,33,33,train,gossipcop-4093077772,gossipcop,fake,"Robert Pattinson on Ex Kristen Stewart Cheating: ""S--- Happens""",images\train\gossipcop-4093077772_2_8316ad7c7a.jpg,6d92ed2a1f0519bb5cfbcb70425b856dd1aaf8790b749c73e1bd46d4d20391a7
12,9,9,9,train,gossipcop-2895484840,gossipcop,fake,Taylor's Lonely Life,images\train\gossipcop-2895484840_0_c589845af4.jpg,ddd8f6eb1317991fb306851232426ad2a3311824a194f8c7bc9ebda1cd9025b1
23,5,5,5,train,gossipcop-954164,gossipcop,real,Mark Hamill Nails Comic-Con 2018 with epic Star Wars disguises,images\train\gossipcop-954164_0_fdaefb8ec4.jpg,2a890006076c9e125d76e4f86b48410512a0d8233d294a62161f7d9b6ebdbbbd
14,7,7,7,train,gossipcop-900223,gossipcop,real,WAGS Atlanta's Kaylin Jurrjens Breaks Down At Kierra Douglas' Party After Receiving Devastating News About Her Husband's Career,images\train\gossipcop-900223_0_e82bd69dcc.jpg,1ea6c1e53f1a42bf9ec83d8741b49ca9f2b4af6908431e6847f6c97cdc19f0e8
22,5,5,5,train,politifact14126,politifact,fake,Breaking News: FBI Uncovers Evidence That 62 Million Trump Voters are All Russian Agents,images\train\politifact14126_0_d6ab0a9a22.jpg,220548327d54cd27e2d9d62c310c778b554258b237ee1b489b15158eec3cec18
4,18,18,18,train,gossipcop-859921,gossipcop,real,The Abbey’s Marissa Declares She’s the &quot;F — kboy Whisperer&quot; After Kyle Takes Her on a…,images\train\gossipcop-859921_2_04de84df93.jpg,b0c13b3bae5301b6795a26a23861e11e08b7347aa93a520ff3f377955ddc4f19
15,7,7,7,train,gossipcop-9216826007,gossipcop,fake,Ben Affleck Gifted A Pet Pooch On What A Source Tells Us Is His Final Day In Rehab,images\train\gossipcop-9216826007_1_8c1a093007.jpg,3d1120eb776c43c7263c293c32adbdeece9112eaf00ed922d1b24a3762dbfab8
8,13,13,13,train,gossipcop-7771950169,gossipcop,fake,Jennifer Lopez And Alex Rodriguez Headed For A Split? Inside Her Demands For A Ring,images\train\gossipcop-7771950169_0_7011549a48.jpg,24a381d1b38177a5d3b7d10fd3cc4fbd2110b51973f600548f55b8d1ee30280e
21,6,6,6,train,gossipcop-1960381072,gossipcop,fake,Debbie Reynolds Net Worth,images\train\gossipcop-1960381072_1_0297d15de6.jpg,fc389a9b25bb547e5ee027e242c37ef3f860af8a75afdbc432c825c19bbf43cc
2,25,25,25,train,gossipcop-901875,gossipcop,real,Lady Antebellum's Dave Haywood Welcomes Daughter,images\train\gossipcop-901875_0_75fcf3b814.jpg,d41d1f9efb49332679396ac8b7cfa0f51cf505041056790074e6d729c0a917b2
1,33,33,33,train,gossipcop-352631943,gossipcop,fake,Betty White Turns 95: Celebs and Fans Wish Her Happy Birthday,images\train\gossipcop-352631943_2_8316ad7c7a.jpg,6d92ed2a1f0519bb5cfbcb70425b856dd1aaf8790b749c73e1bd46d4d20391a7
3,23,23,23,train,gossipcop-927391,gossipcop,real,ACM Awards 2018: Miranda Lambert Fans Cry as Blake Shelton Serenades Gwen Stefani,images\train\gossipcop-927391_0_cd3a877011.jpg,b0f6ffed41b438fca077245d32fdb00883cdf6919793118a92d0b1a92b7eb434
1,33,33,33,train,gossipcop-864853,gossipcop,real,"Christina Aguilera, Miley Cyrus, More Stars Celebrate 4th of July",images\train\gossipcop-864853_2_8316ad7c7a.jpg,6d92ed2a1f0519bb5cfbcb70425b856dd1aaf8790b749c73e1bd46d4d20391a7
2,25,25,25,train,gossipcop-883571,gossipcop,real,Macklemore Reveals His Second Daughter's Birth Date — and Her Animal-Inspired Name,images\train\gossipcop-883571_0_75fcf3b814.jpg,d41d1f9efb49332679396ac8b7cfa0f51cf505041056790074e6d729c0a917b2
1,33,33,33,train,gossipcop-8697896182,gossipcop,fake,Katie Holmes and Jamie Foxx: Why They Went Public Now,images\train\gossipcop-8697896182_2_8316ad7c7a.jpg,6d92ed2a1f0519bb5cfbcb70425b856dd1aaf8790b749c73e1bd46d4d20391a7
11,10,10,10,train,gossipcop-6429927553,gossipcop,fake,Entertainment Tonight,images\train\gossipcop-6429927553_0_1ae196844c.jpg,6e4f3eafbd3fb4f53cec09c19a6bcc8f9786cc01c8f63de67b99c388b6b7b6d2
8,13,13,13,train,gossipcop-4847768997,gossipcop,fake,Gwen Stefani And Blake Shelton On The Verge Of A Split? She Reportedly Called Off Their Wedding Plans,images\train\gossipcop-4847768997_0_7011549a48.jpg,24a381d1b38177a5d3b7d10fd3cc4fbd2110b51973f600548f55b8d1ee30280e
25,5,5,5,train,gossipcop-944427,gossipcop,real,Ariana Grande’s Ring Takes Center Stage for Her First Public Appearance Since Getting Engaged.,images\train\gossipcop-944427_1_02dd4906e5.jpg,b381e492131996e2b2cb05959377793c20d0aa815af2f7bc857046983d85eb96
19,6,6,6,train,gossipcop-942557,gossipcop,real,Anthony Bourdain's Most Outrageous and Candid Quotes,images\train\gossipcop-942557_1_2febc2406e.jpg,43b9f92209e0d573fdc9f9d37d96184695bdd1e7519226f9f62fede6db1b1d91
14,7,7,7,train,gossipcop-891530,gossipcop,real,"Whitney Port Talks ""Crazy"" Hills Baby Boom: ""I Would Love to Meet All the Babies""",images\train\gossipcop-891530_0_e82bd69dcc.jpg,1ea6c1e53f1a42bf9ec83d8741b49ca9f2b4af6908431e6847f6c97cdc19f0e8
1,33,33,33,train,gossipcop-846714,gossipcop,real,'Vanderpump Rules': Stassi Schroeder Cries About Her Ex,images\train\gossipcop-846714_2_8316ad7c7a.jpg,6d92ed2a1f0519bb5cfbcb70425b856dd1aaf8790b749c73e1bd46d4d20391a7
7,14,14,14,train,gossipcop-919870,gossipcop,real,Scott Baio's wife reveals microvascular brain disease diagnosis,images\train\gossipcop-919870_0_79bba41ed4.jpg,45d13637de0155e764246b9953b417376f6f80163d0242e846b6bbcd8d7ef544
7,14,14,14,train,gossipcop-890048,gossipcop,real,Cardi B is engaged! Watch her adorable reaction to rapper Offset's onstage proposal,images\train\gossipcop-890048_0_79bba41ed4.jpg,45d13637de0155e764246b9953b417376f6f80163d0242e846b6bbcd8d7ef544
11,10,10,10,train,gossipcop-917924,gossipcop,real,Elton John Explains Why He Stormed Off Stage During Las Vegas Concert,images\train\gossipcop-917924_0_1ae196844c.jpg,6e4f3eafbd3fb4f53cec09c19a6bcc8f9786cc01c8f63de67b99c388b6b7b6d2
1,33,33,33,train,gossipcop-851450,gossipcop,real,Thomas Rhett and Wife Lauren Adopt Baby Girl Willa Gray Akins,images\train\gossipcop-851450_1_8316ad7c7a.jpg,6d92ed2a1f0519bb5cfbcb70425b856dd1aaf8790b749c73e1bd46d4d20391a7
1,33,33,33,train,gossipcop-5050867834,gossipcop,fake,Christina Aguilera Engaged to Boyfriend Matt Rutler!,images\train\gossipcop-5050867834_2_8316ad7c7a.jpg,6d92ed2a1f0519bb5cfbcb70425b856dd1aaf8790b749c73e1bd46d4d20391a7
4,18,18,18,train,gossipcop-858485,gossipcop,real,"Camila Cabello Is the New Face of Guess: Plus, More Celebs Who Lent Their Sex Appeal to…",images\train\gossipcop-858485_2_04de84df93.jpg,b0c13b3bae5301b6795a26a23861e11e08b7347aa93a520ff3f377955ddc4f19
15,7,7,7,train,gossipcop-2333766473,gossipcop,fake,Is Ben Affleck's Girlfriend Lindsay Shookus Pregnant?!,images\train\gossipcop-2333766473_1_8c1a093007.jpg,3d1120eb776c43c7263c293c32adbdeece9112eaf00ed922d1b24a3762dbfab8
15,7,7,7,train,gossipcop-1014383679,gossipcop,fake,Selena Gomez Goes Barefoot On The Street After Hotel Transylvania 3 Premiere,images\train\gossipcop-1014383679_1_8c1a093007.jpg,3d1120eb776c43c7263c293c32adbdeece9112eaf00ed922d1b24a3762dbfab8
17,7,7,7,train,gossipcop-852482,gossipcop,real,Hackers Threaten to Leak Upcoming 'Pirates of the Caribbean' Unless Disney Pays Ransom: Reports,images\train\gossipcop-852482_0_9f08517f68.jpg,99ad091260bef031fdaddb630f7aeb70911b466bcfe7e5061aa71ab1a64b4117
3,23,23,23,train,gossipcop-912992,gossipcop,real,'Teen Mom' Briana DeJesus Undergoes 'Mommy Makeover',images\train\gossipcop-912992_0_cd3a877011.jpg,b0f6ffed41b438fca077245d32fdb00883cdf6919793118a92d0b1a92b7eb434
1,33,33,33,train,gossipcop-8435638081,gossipcop,fake,Fergie Cries While Talking About Josh Duhamel Divorce,images\train\gossipcop-8435638081_2_8316ad7c7a.jpg,6d92ed2a1f0519bb5cfbcb70425b856dd1aaf8790b749c73e1bd46d4d20391a7
14,7,7,7,train,gossipcop-894315,gossipcop,real,Serena Williams Channels Hollywood Glamour at Her Star-Studded Rehearsal Dinner,images\train\gossipcop-894315_0_e82bd69dcc.jpg,1ea6c1e53f1a42bf9ec83d8741b49ca9f2b4af6908431e6847f6c97cdc19f0e8
6,14,14,14,train,gossipcop-931086,gossipcop,real,"Dancing With The Stars 2018 Cast News, Tour and Winners",images\train\gossipcop-931086_1_22757645c6.jpg,143e32ffe52abe2f55d9038e1214a42eb7a6e10881ec609a18be9500ed7f5865
18,6,6,6,train,gossipcop-3698382107,gossipcop,fake,Gwen Stefani Is Still Smitten With Blake Shelton and 'Has Never Once' Tried to Change Him (Exclusive),images\train\gossipcop-3698382107_0_5188f6bfd7.jpg,144f24a855ac78d963787859ca29e3960490e514e809206b009faae2b25b53ff
25,5,5,5,train,gossipcop-924252,gossipcop,real,GTL No More?! Jersey Shore Family Vacation’s New Catchphrases Revealed.,images\train\gossipcop-924252_1_02dd4906e5.jpg,b381e492131996e2b2cb05959377793c20d0aa815af2f7bc857046983d85eb96
8,13,13,13,train,gossipcop-2076682877,gossipcop,fake,"Blake Shelton & Gwen Stefani Hoping Exes Miranda Lambert, Gavin Rossdale Are Happy And Have Children In Their Future Relationships",images\train\gossipcop-2076682877_0_7011549a48.jpg,24a381d1b38177a5d3b7d10fd3cc4fbd2110b51973f600548f55b8d1ee30280e
2,25,25,25,train,gossipcop-885096,gossipcop,real,Idris Elba's Biggest Turn On: Great Skin,images\train\gossipcop-885096_0_75fcf3b814.jpg,d41d1f9efb49332679396ac8b7cfa0f51cf505041056790074e6d729c0a917b2
16,7,7,7,train,gossipcop-8021032353,gossipcop,fake,Vanessa Hudgens Addresses Speculation She's Engaged to Austin Butler,images\train\gossipcop-8021032353_0_69e01bbfbb.jpg,3da54976f2cadfc600daf0eda68efb5f13c95da0cf926f7bcae226529457af73
10,10,10,10,train,gossipcop-6733555194,gossipcop,fake,Taryn Manning is not leaving 'Orange is The New Black',images\train\gossipcop-6733555194_0_32171cb205.jpg,44532a0583eb158cd87c609480854a6cbc6e57383b0ce8e8549208e217683795
5,15,15,15,train,gossipcop-908024,gossipcop,real,All the Reunions You May Have Missed at the 2018 SAG Awards,images\train\gossipcop-908024_0_1b2781c9c4.jpg,733bcb9966523c9373051c4a0a944151c63feedc07e93564750a26281b7c5573
13,8,8,8,train,gossipcop-1954289539,gossipcop,fake,Robert Pattinson confirms he's 'kind of' engaged to singer FKA Twigs,images\train\gossipcop-1954289539_0_fd40f6272e.jpg,3a096c75f092796add8dd2d74062a9d6ed8aa7bc42ca1fbf1e197c30869d66b4
24,5,5,5,train,gossipcop-871822,gossipcop,real,Anna Faris Just Said Some Heartbreaking Things About Her Marriage to Chris Pratt,images\train\gossipcop-871822_0_7f261942c4.jpg,940722979531fb4650db20f9170164db8bda0c8f7c030d3cbd1563f5f6e6ac90
6,14,14,14,train,gossipcop-953682,gossipcop,real,"People's Choice Awards 2018 Winners, News, Nominees and Red Carpet Photos",images\train\gossipcop-953682_1_22757645c6.jpg,143e32ffe52abe2f55d9038e1214a42eb7a6e10881ec609a18be9500ed7f5865
1,33,33,33,train,gossipcop-3503563094,gossipcop,fake,"Blake Shelton, Gwen Stefani Talk 'Hookup' on 'The Voice'",images\train\gossipcop-3503563094_2_8316ad7c7a.jpg,6d92ed2a1f0519bb5cfbcb70425b856dd1aaf8790b749c73e1bd46d4d20391a7
12,9,9,9,train,gossipcop-7429601831,gossipcop,fake,Scary - Skinny Angie Sick Again!,images\train\gossipcop-7429601831_0_c589845af4.jpg,ddd8f6eb1317991fb306851232426ad2a3311824a194f8c7bc9ebda1cd9025b1
4,18,18,18,train,gossipcop-862397,gossipcop,real,Coco Models Her Lingerie Line (While Simultaneously Showing Off Her Insane Shoe Closet),images\train\gossipcop-862397_2_04de84df93.jpg,b0c13b3bae5301b6795a26a23861e11e08b7347aa93a520ff3f377955ddc4f19
20,6,6,6,train,gossipcop-8485688306,gossipcop,fake,Gwen Stefani Forced to Skip Vegas Performance After Rupturing Her Eardrum,images\train\gossipcop-8485688306_0_0c3365f52b.jpg,831c332826c2850fc6ec4f7ceead1a2c7432e2d43dbccdd97a21a920177f3378
1,33,33,33,train,gossipcop-891292,gossipcop,real,"Anne Hathaway, Mandy Moore, More Best Dressed Stars of the Week",images\train\gossipcop-891292_1_8316ad7c7a.jpg,6d92ed2a1f0519bb5cfbcb70425b856dd1aaf8790b749c73e1bd46d4d20391a7
5,15,15,15,train,gossipcop-929614,gossipcop,real,Tensions Erupt on The Real Housewives of New York City When Sonja Morgan and Tinsley Mortimer Talk (Scream) About Money,images\train\gossipcop-929614_0_1b2781c9c4.jpg,733bcb9966523c9373051c4a0a944151c63feedc07e93564750a26281b7c5573
1,33,33,33,train,gossipcop-867640,gossipcop,real,Heidi Montag Reveals She's Gained 25 Pounds During Pregnancy So Far,images\train\gossipcop-867640_2_8316ad7c7a.jpg,6d92ed2a1f0519bb5cfbcb70425b856dd1aaf8790b749c73e1bd46d4d20391a7
2,25,25,25,train,gossipcop-1670598693,gossipcop,fake,From Welcoming a Baby Together to Their Joint GQ Cover: Inside Kylie Jenner & Travis Scott's Whirlwind Romance,images\train\gossipcop-1670598693_0_75fcf3b814.jpg,d41d1f9efb49332679396ac8b7cfa0f51cf505041056790074e6d729c0a917b2
3,23,23,23,train,gossipcop-942840,gossipcop,real,Carrie Underwood's Husband Mike Fisher Sings Ugly to 'Cry Pretty',images\train\gossipcop-942840_0_cd3a877011.jpg,b0f6ffed41b438fca077245d32fdb00883cdf6919793118a92d0b1a92b7eb434
24,5,5,5,train,gossipcop-885044,gossipcop,real,Everything We Know About 'The Bachelor Winter Games',images\train\gossipcop-885044_0_7f261942c4.jpg,940722979531fb4650db20f9170164db8bda0c8f7c030d3cbd1563f5f6e6ac90
22,5,5,5,train,politifact13244,politifact,real,PolitiFact’s annotated transcript of the second presidential debate,images\train\politifact13244_0_d6ab0a9a22.jpg,220548327d54cd27e2d9d62c310c778b554258b237ee1b489b15158eec3cec18
13,8,8,8,train,gossipcop-3732011492,gossipcop,fake,Katherine Heigl and Josh Kelley have welcomed a third child,images\train\gossipcop-3732011492_0_fd40f6272e.jpg,3a096c75f092796add8dd2d74062a9d6ed8aa7bc42ca1fbf1e197c30869d66b4
4,18,18,18,train,gossipcop-857431,gossipcop,real,Kendall Jenner’s Bringing This Bikini Style Back – Christian Welch – Medium,images\train\gossipcop-857431_2_04de84df93.jpg,b0c13b3bae5301b6795a26a23861e11e08b7347aa93a520ff3f377955ddc4f19
12,9,9,9,train,gossipcop-4517095073,gossipcop,fake,Melissa McCarthy Going Blind!,images\train\gossipcop-4517095073_0_c589845af4.jpg,ddd8f6eb1317991fb306851232426ad2a3311824a194f8c7bc9ebda1cd9025b1
21,6,6,6,train,gossipcop-433346657,gossipcop,fake,Mila Kunis Net Worth,images\train\gossipcop-433346657_1_0297d15de6.jpg,fc389a9b25bb547e5ee027e242c37ef3f860af8a75afdbc432c825c19bbf43cc
2,25,25,25,train,gossipcop-4708564876,gossipcop,fake,From Welcoming a Baby Together to Their Joint GQ Cover: Inside Kylie Jenner & Travis Scott's Whirlwind Romance,images\train\gossipcop-4708564876_0_75fcf3b814.jpg,d41d1f9efb49332679396ac8b7cfa0f51cf505041056790074e6d729c0a917b2
2,25,25,25,train,gossipcop-6887785794,gossipcop,fake,"Celebrities and Politicians Collaborate to Honor Martin Luther King, Jr.",images\train\gossipcop-6887785794_0_75fcf3b814.jpg,d41d1f9efb49332679396ac8b7cfa0f51cf505041056790074e6d729c0a917b2
11,10,10,10,train,gossipcop-6031013673,gossipcop,fake,Ruby Rose Opens Up About Health Crisis — And Why We May Be Seeing Her In A Wheelchair,images\train\gossipcop-6031013673_0_1ae196844c.jpg,6e4f3eafbd3fb4f53cec09c19a6bcc8f9786cc01c8f63de67b99c388b6b7b6d2
16,7,7,7,train,gossipcop-3710842136,gossipcop,fake,Kim Kardashian Explains Why She Didn't Invite Surrogate to Baby Shower,images\train\gossipcop-3710842136_0_69e01bbfbb.jpg,3da54976f2cadfc600daf0eda68efb5f13c95da0cf926f7bcae226529457af73
21,6,6,6,train,gossipcop-888564,gossipcop,real,Carrie Fisher Net Worth,images\train\gossipcop-888564_1_0297d15de6.jpg,fc389a9b25bb547e5ee027e242c37ef3f860af8a75afdbc432c825c19bbf43cc
21,6,6,6,train,gossipcop-874495,gossipcop,real,Derek Jeter Net Worth,images\train\gossipcop-874495_1_0297d15de6.jpg,fc389a9b25bb547e5ee027e242c37ef3f860af8a75afdbc432c825c19bbf43cc
9,12,12,12,train,gossipcop-1105091447,gossipcop,fake,Ed Sheeran Did NOT 'Break Friendship Code' With Taylor Swift,images\train\gossipcop-1105091447_0_1cbadf3fb3.jpg,7fef15cce525c90be82e7b2c146bdc87813de6b751b08470026e7e92e028e987
9,12,12,12,train,gossipcop-943990,gossipcop,real,Watch Beyonce Wish Rumi & Sir Carter Happy Birthday At On The Run II Tour,images\train\gossipcop-943990_0_4a704d055d.jpg,7fef15cce525c90be82e7b2c146bdc87813de6b751b08470026e7e92e028e987
1,33,33,33,train,gossipcop-6250524442,gossipcop,fake,Hailee Steinfeld Denies Justin Bieber Dating Rumors,images\train\gossipcop-6250524442_2_8316ad7c7a.jpg,6d92ed2a1f0519bb5cfbcb70425b856dd1aaf8790b749c73e1bd46d4d20391a7
9,12,12,12,train,gossipcop-3808314704,gossipcop,fake,American Music Awards Nominations 2017: AMAs Nominees Full List,images\train\gossipcop-3808314704_0_511ea29315.jpg,7fef15cce525c90be82e7b2c146bdc87813de6b751b08470026e7e92e028e987
7,14,14,14,train,gossipcop-4271815483,gossipcop,fake,"Kim Kardashian and Kanye West's new baby girl is here, born via surrogate",images\train\gossipcop-4271815483_0_79bba41ed4.jpg,45d13637de0155e764246b9953b417376f6f80163d0242e846b6bbcd8d7ef544
5,15,15,15,train,gossipcop-911453,gossipcop,real,Tom Brady Gets Visit From Gisele Bündchen and Family at Super Bowl 2018 Practice,images\train\gossipcop-911453_0_1b2781c9c4.jpg,733bcb9966523c9373051c4a0a944151c63feedc07e93564750a26281b7c5573
19,6,6,6,train,gossipcop-862579,gossipcop,real,TV Scoop Awards 2017: Vote for the Saddest Cancellation and Best Series Finale Now,images\train\gossipcop-862579_1_2febc2406e.jpg,43b9f92209e0d573fdc9f9d37d96184695bdd1e7519226f9f62fede6db1b1d91
10,10,10,10,train,gossipcop-857349,gossipcop,real,"Wonder Woman: Gal Gadot, Lynda Carter reunite on red carpet",images\train\gossipcop-857349_0_32171cb205.jpg,44532a0583eb158cd87c609480854a6cbc6e57383b0ce8e8549208e217683795
13,8,8,8,train,gossipcop-3885971599,gossipcop,fake,"Malibu crash involving Bruce Jenner leaves 1 dead, 5 injured",images\train\gossipcop-3885971599_0_fd40f6272e.jpg,3a096c75f092796add8dd2d74062a9d6ed8aa7bc42ca1fbf1e197c30869d66b4
2,25,25,25,train,gossipcop-865681,gossipcop,real,Toby Keith's Daughter Krystal and Family in 'Horrific' 4th of July Car Accident Caused by Drunk Driver,images\train\gossipcop-865681_0_75fcf3b814.jpg,d41d1f9efb49332679396ac8b7cfa0f51cf505041056790074e6d729c0a917b2
17,7,7,7,train,gossipcop-891244,gossipcop,real,Kate Upton Marries Justin Verlander in Lavish Italian Wedding,images\train\gossipcop-891244_0_9f08517f68.jpg,99ad091260bef031fdaddb630f7aeb70911b466bcfe7e5061aa71ab1a64b4117
9,12,12,12,train,gossipcop-5852306440,gossipcop,fake,"Halle Berry NOT Pregnant At 50, Despite Reports",images\train\gossipcop-5852306440_0_a9d9c5fbee.jpg,7fef15cce525c90be82e7b2c146bdc87813de6b751b08470026e7e92e028e987
5,15,15,15,train,gossipcop-908120,gossipcop,real,Sterling K. Brown Reflects on His History-Making Award Show Wins: “I Want to Represent”,images\train\gossipcop-908120_0_1b2781c9c4.jpg,733bcb9966523c9373051c4a0a944151c63feedc07e93564750a26281b7c5573
1,33,33,33,train,gossipcop-7635991936,gossipcop,fake,Brunette Hair Color Tips from Kristen Stewart’s Breaking Dawn Hair Pro,images\train\gossipcop-7635991936_2_8316ad7c7a.jpg,6d92ed2a1f0519bb5cfbcb70425b856dd1aaf8790b749c73e1bd46d4d20391a7
7,14,14,14,train,gossipcop-901687,gossipcop,real,"Q&A: 'Overboard' star Eugenio Derbez on Trump, conquering Hollywood and Latin stereotypes",images\train\gossipcop-901687_0_79bba41ed4.jpg,45d13637de0155e764246b9953b417376f6f80163d0242e846b6bbcd8d7ef544
4,18,18,18,train,gossipcop-862560,gossipcop,real,Chance the Rapper: 5 Things You Didn’t Know About 2017 BET Humanitarian Award Winner,images\train\gossipcop-862560_2_04de84df93.jpg,b0c13b3bae5301b6795a26a23861e11e08b7347aa93a520ff3f377955ddc4f19
12,9,9,9,train,gossipcop-5893961433,gossipcop,fake,Mariah Too Fat To Walk!,images\train\gossipcop-5893961433_0_c589845af4.jpg,ddd8f6eb1317991fb306851232426ad2a3311824a194f8c7bc9ebda1cd9025b1
3,23,23,23,train,gossipcop-896122,gossipcop,real,'Teen Mom' Cast Member Tyler Baltierra Has 'Rough' Thanksgiving Without Catelynn Lowell,images\train\gossipcop-896122_0_cd3a877011.jpg,b0f6ffed41b438fca077245d32fdb00883cdf6919793118a92d0b1a92b7eb434
6,14,14,14,train,gossipcop-876605,gossipcop,real,Kim Kardashian News Plus Instagram and Snapchat Updates,images\train\gossipcop-876605_1_22757645c6.jpg,143e32ffe52abe2f55d9038e1214a42eb7a6e10881ec609a18be9500ed7f5865
18,6,6,6,train,gossipcop-5758402466,gossipcop,fake,Gwen Stefani Is Still Smitten With Blake Shelton and 'Has Never Once' Tried to Change Him (Exclusive),images\train\gossipcop-5758402466_0_5188f6bfd7.jpg,144f24a855ac78d963787859ca29e3960490e514e809206b009faae2b25b53ff
1,33,33,33,train,gossipcop-9621883806,gossipcop,fake,Miranda Kerr Is Pregnant Again!,images\train\gossipcop-9621883806_2_8316ad7c7a.jpg,6d92ed2a1f0519bb5cfbcb70425b856dd1aaf8790b749c73e1bd46d4d20391a7
3,23,23,23,train,gossipcop-2854321309,gossipcop,fake,Jodie Sweetin Attended 'DWTS' Amid Relapse Reports,images\train\gossipcop-2854321309_0_cd3a877011.jpg,b0f6ffed41b438fca077245d32fdb00883cdf6919793118a92d0b1a92b7eb434
2,25,25,25,train,gossipcop-867129,gossipcop,real,Southern Charm! See the Gorgeous Photos from Thomas Rhett and Lauren Akins' Adorable Family Maternity Shoot,images\train\gossipcop-867129_0_75fcf3b814.jpg,d41d1f9efb49332679396ac8b7cfa0f51cf505041056790074e6d729c0a917b2
4,18,18,18,train,gossipcop-862548,gossipcop,real,Botched Patient’s Nose Is &quot;Reborn&quot; Without &quot;Horns&quot; on Shocking Episode: See the…,images\train\gossipcop-862548_2_04de84df93.jpg,b0c13b3bae5301b6795a26a23861e11e08b7347aa93a520ff3f377955ddc4f19
21,6,6,6,train,gossipcop-5347484528,gossipcop,fake,Jason Aldean Net Worth,images\train\gossipcop-5347484528_1_0297d15de6.jpg,fc389a9b25bb547e5ee027e242c37ef3f860af8a75afdbc432c825c19bbf43cc
1,33,33,33,train,gossipcop-845366,gossipcop,real,"Bruce Jenner Tells Diane Sawyer ""I Am a Woman"": Full Interview Blog",images\train\gossipcop-845366_2_8316ad7c7a.jpg,6d92ed2a1f0519bb5cfbcb70425b856dd1aaf8790b749c73e1bd46d4d20391a7
1,33,33,33,train,gossipcop-9347617334,gossipcop,fake,Tom Cruise Reportedly Hasn’t Seen Daughter Suri in ‘About Three Years’,images\train\gossipcop-9347617334_2_8316ad7c7a.jpg,6d92ed2a1f0519bb5cfbcb70425b856dd1aaf8790b749c73e1bd46d4d20391a7
4,18,18,18,train,gossipcop-857290,gossipcop,real,Luke Pell Confirms He’s Not Headed to Bachelor in Paradise: &quot;It Just Didn’t Feel Right&quot;,images\train\gossipcop-857290_2_04de84df93.jpg,b0c13b3bae5301b6795a26a23861e11e08b7347aa93a520ff3f377955ddc4f19
2,25,25,25,train,gossipcop-271390612,gossipcop,fake,Eva Longoria Says 'Everything's Uncomfortable' in Pregnancy,images\train\gossipcop-271390612_0_75fcf3b814.jpg,d41d1f9efb49332679396ac8b7cfa0f51cf505041056790074e6d729c0a917b2
6,14,14,14,train,gossipcop-942680,gossipcop,real,Prince Harry news and updates on Meghan and the Royal baby,images\train\gossipcop-942680_1_22757645c6.jpg,143e32ffe52abe2f55d9038e1214a42eb7a6e10881ec609a18be9500ed7f5865
2,25,25,25,train,gossipcop-876071,gossipcop,real,Snooki Pays Tribute to 5-Year-Old Birthday Boy Son Lorenzo ‘Who Changed My Life for the Better’,images\train\gossipcop-876071_0_75fcf3b814.jpg,d41d1f9efb49332679396ac8b7cfa0f51cf505041056790074e6d729c0a917b2
2,25,25,25,train,gossipcop-911205800,gossipcop,fake,Paris Jackson Says 'No One From My Family' Reached Out About Attending BBMAs for Aunt Janet's Honor,images\train\gossipcop-911205800_0_75fcf3b814.jpg,d41d1f9efb49332679396ac8b7cfa0f51cf505041056790074e6d729c0a917b2
9,12,12,12,train,gossipcop-5177133863,gossipcop,fake,Teen Choice Awards Nominations 2017: First Wave Of Nominees – Full List!,images\train\gossipcop-5177133863_0_9aac062785.jpg,7fef15cce525c90be82e7b2c146bdc87813de6b751b08470026e7e92e028e987
2,25,25,25,train,gossipcop-894393,gossipcop,real,Porsha Williams Still Wears Her Wedding Ring from Ex Kordell Stewart: 'It's Costume Jewelry',images\train\gossipcop-894393_0_75fcf3b814.jpg,d41d1f9efb49332679396ac8b7cfa0f51cf505041056790074e6d729c0a917b2
1,33,33,33,train,gossipcop-2351174301,gossipcop,fake,Nina Dobrev and Orlando Bloom Are Just ‘Friends’,images\train\gossipcop-2351174301_1_8316ad7c7a.jpg,6d92ed2a1f0519bb5cfbcb70425b856dd1aaf8790b749c73e1bd46d4d20391a7
8,13,13,13,train,gossipcop-4780852492,gossipcop,fake,Faith Hill Wants A Divorce And Is Tired Of Tim McGraw’s Cheating Ways: Report,images\train\gossipcop-4780852492_0_7011549a48.jpg,24a381d1b38177a5d3b7d10fd3cc4fbd2110b51973f600548f55b8d1ee30280e
3,23,23,23,train,gossipcop-916446,gossipcop,real,All the Creative Ways Carrie Underwood Has Hidden Her Face Since Fall,images\train\gossipcop-916446_0_cd3a877011.jpg,b0f6ffed41b438fca077245d32fdb00883cdf6919793118a92d0b1a92b7eb434
4,18,18,18,train,gossipcop-861808,gossipcop,real,Caitlyn Jenner Spends Father’s Day With Kendall and Kylie After Months of Tension,images\train\gossipcop-861808_2_04de84df93.jpg,b0c13b3bae5301b6795a26a23861e11e08b7347aa93a520ff3f377955ddc4f19
2,25,25,25,train,gossipcop-2575330358,gossipcop,fake,Ryan Phillippe Sues Ex Elsie Hewitt After She Claimed He Brutally Beat Her in Drunken Rage,images\train\gossipcop-2575330358_0_75fcf3b814.jpg,d41d1f9efb49332679396ac8b7cfa0f51cf505041056790074e6d729c0a917b2
23,5,5,5,train,gossipcop-948345,gossipcop,real,Kourtney Kardashian's children join their summer vacation with Younes Bendjima on Kardashians,images\train\gossipcop-948345_0_fdaefb8ec4.jpg,2a890006076c9e125d76e4f86b48410512a0d8233d294a62161f7d9b6ebdbbbd
13,8,8,8,train,gossipcop-8801917000,gossipcop,fake,Robert Pattinson confirms he's 'kind of' engaged to singer FKA Twigs,images\train\gossipcop-8801917000_0_fd40f6272e.jpg,3a096c75f092796add8dd2d74062a9d6ed8aa7bc42ca1fbf1e197c30869d66b4
5,15,15,15,train,gossipcop-917192,gossipcop,real,"How to Dress for Your Best Life in March, According to Your Horoscope",images\train\gossipcop-917192_0_1b2781c9c4.jpg,733bcb9966523c9373051c4a0a944151c63feedc07e93564750a26281b7c5573
25,5,5,5,train,gossipcop-924790,gossipcop,real,Check Out a Young Meghan Markle in This Decade-Old Tostitos Commercial.,images\train\gossipcop-924790_1_02dd4906e5.jpg,b381e492131996e2b2cb05959377793c20d0aa815af2f7bc857046983d85eb96
19,6,6,6,train,gossipcop-912751,gossipcop,real,See the Vanderpump Rules Cast's Valentine's Day Grams to Their Lovers,images\train\gossipcop-912751_1_2febc2406e.jpg,43b9f92209e0d573fdc9f9d37d96184695bdd1e7519226f9f62fede6db1b1d91
13,8,8,8,train,gossipcop-4250377443,gossipcop,fake,Kanye West's music banned by radio station after slavery remarks,images\train\gossipcop-4250377443_0_fd40f6272e.jpg,3a096c75f092796add8dd2d74062a9d6ed8aa7bc42ca1fbf1e197c30869d66b4
19,6,6,6,train,gossipcop-851270,gossipcop,real,Inside Olivia Culpo's Dior Cruise 2018 Fashion Show Diary,images\train\gossipcop-851270_1_2febc2406e.jpg,43b9f92209e0d573fdc9f9d37d96184695bdd1e7519226f9f62fede6db1b1d91
2,25,25,25,train,gossipcop-4781000361,gossipcop,fake,Kris Jenner Says Kylie Jenner Is ‘So Dedicated’ as a Mom to 3-Month-Old Stormi,images\train\gossipcop-4781000361_0_75fcf3b814.jpg,d41d1f9efb49332679396ac8b7cfa0f51cf505041056790074e6d729c0a917b2
1,33,33,33,train,gossipcop-896494,gossipcop,real,Ray J and Princess Love Are Expecting Their First Child,images\train\gossipcop-896494_2_8316ad7c7a.jpg,6d92ed2a1f0519bb5cfbcb70425b856dd1aaf8790b749c73e1bd46d4d20391a7
3,23,23,23,train,gossipcop-930749,gossipcop,real,Katy Perry and Orlando Bloom Cozy up for Colosseum Selfie in Rome,images\train\gossipcop-930749_0_cd3a877011.jpg,b0f6ffed41b438fca077245d32fdb00883cdf6919793118a92d0b1a92b7eb434
14,7,7,7,train,gossipcop-907837,gossipcop,real,"Allison Janney Once Dreamed of Being a Figure Skater (Yes, Really)",images\train\gossipcop-907837_0_e82bd69dcc.jpg,1ea6c1e53f1a42bf9ec83d8741b49ca9f2b4af6908431e6847f6c97cdc19f0e8
4,18,18,18,train,gossipcop-861465,gossipcop,real,Lena Dunham Sheds All Her Clothes to Send a Strong Message About Her Body: &quot;Love It All&quot;,images\train\gossipcop-861465_2_04de84df93.jpg,b0c13b3bae5301b6795a26a23861e11e08b7347aa93a520ff3f377955ddc4f19
6,14,14,14,train,gossipcop-945764,gossipcop,real,"People's Choice Awards 2018 Winners, News, Nominees and Red Carpet Photos",images\train\gossipcop-945764_1_22757645c6.jpg,143e32ffe52abe2f55d9038e1214a42eb7a6e10881ec609a18be9500ed7f5865
22,5,5,5,train,politifact12104,politifact,real,One in Four – Congressman Joe Pitts – Medium,images\train\politifact12104_0_d6ab0a9a22.jpg,220548327d54cd27e2d9d62c310c778b554258b237ee1b489b15158eec3cec18
2,25,25,25,train,gossipcop-9633211024,gossipcop,fake,Aaron Carter Reveals He Is Attracted to Men and Women in Emotional Letter to Fans: 'This Doesn't Bring Me Shame',images\train\gossipcop-9633211024_0_75fcf3b814.jpg,d41d1f9efb49332679396ac8b7cfa0f51cf505041056790074e6d729c0a917b2
22,5,5,5,train,politifact11882,politifact,real,What Carly is doing tonight – Carly Fiorina – Medium,images\train\politifact11882_0_d6ab0a9a22.jpg,220548327d54cd27e2d9d62c310c778b554258b237ee1b489b15158eec3cec18
16,7,7,7,train,gossipcop-1526103103,gossipcop,fake,Vanessa Kirby Dismisses Tom Cruise Romance Rumors,images\train\gossipcop-1526103103_0_69e01bbfbb.jpg,3da54976f2cadfc600daf0eda68efb5f13c95da0cf926f7bcae226529457af73
14,7,7,7,train,gossipcop-890899,gossipcop,real,"Where's My Show? World Series Game 7 Bumps Law & Order: SVU, Criminal Minds and More",images\train\gossipcop-890899_0_e82bd69dcc.jpg,1ea6c1e53f1a42bf9ec83d8741b49ca9f2b4af6908431e6847f6c97cdc19f0e8
1,33,33,33,train,gossipcop-880286,gossipcop,real,Josh Duhamel Steps Out Without Wedding Ring After Fergie Split News,images\train\gossipcop-880286_1_8316ad7c7a.jpg,6d92ed2a1f0519bb5cfbcb70425b856dd1aaf8790b749c73e1bd46d4d20391a7
10,10,10,10,train,gossipcop-928019,gossipcop,real,Kelly Clarkson to host 2018 Billboard Music Awards,images\train\gossipcop-928019_0_32171cb205.jpg,44532a0583eb158cd87c609480854a6cbc6e57383b0ce8e8549208e217683795
3,23,23,23,train,gossipcop-926647,gossipcop,real,Kendra Wilkinson Hangs With 'Jersey Shore' Crew and Tori Spelling After Hank Baskett Split,images\train\gossipcop-926647_0_cd3a877011.jpg,b0f6ffed41b438fca077245d32fdb00883cdf6919793118a92d0b1a92b7eb434
7,14,14,14,train,gossipcop-950582,gossipcop,real,Video emerges of George Clooney scooter accident in Italy; actor released from hospital,images\train\gossipcop-950582_0_79bba41ed4.jpg,45d13637de0155e764246b9953b417376f6f80163d0242e846b6bbcd8d7ef544
11,10,10,10,train,gossipcop-869284,gossipcop,real,"Update: Selena Gomez Releases Her Most Sexual Song Yet, ‘Fetish’: Watch the Steamy Music Video!",images\train\gossipcop-869284_0_1ae196844c.jpg,6e4f3eafbd3fb4f53cec09c19a6bcc8f9786cc01c8f63de67b99c388b6b7b6d2
17,7,7,7,train,gossipcop-852700,gossipcop,real,Rosario Dawson Finds 26-Year-Old Cousin Dead in Her Los Angeles Home,images\train\gossipcop-852700_0_9f08517f68.jpg,99ad091260bef031fdaddb630f7aeb70911b466bcfe7e5061aa71ab1a64b4117
7,14,14,14,train,gossipcop-938979,gossipcop,real,Royal wedding 2018: The list of who attended Prince Harry and Meghan Markle's wedding,images\train\gossipcop-938979_0_79bba41ed4.jpg,45d13637de0155e764246b9953b417376f6f80163d0242e846b6bbcd8d7ef544
1,33,33,33,train,gossipcop-3326678304,gossipcop,fake,Brad Pitt: Why I’m Walking With a Cane,images\train\gossipcop-3326678304_2_8316ad7c7a.jpg,6d92ed2a1f0519bb5cfbcb70425b856dd1aaf8790b749c73e1bd46d4d20391a7
18,6,6,6,train,gossipcop-4565438794,gossipcop,fake,Gwen Stefani Is Still Smitten With Blake Shelton and 'Has Never Once' Tried to Change Him (Exclusive),images\train\gossipcop-4565438794_0_5188f6bfd7.jpg,144f24a855ac78d963787859ca29e3960490e514e809206b009faae2b25b53ff
3,23,23,23,train,gossipcop-869503,gossipcop,real,Jennifer Aniston Hilariously Turned Jason Bateman's Walk of Fame Ceremony Into a Roast,images\train\gossipcop-869503_0_cd3a877011.jpg,b0f6ffed41b438fca077245d32fdb00883cdf6919793118a92d0b1a92b7eb434
25,5,5,5,train,gossipcop-918593,gossipcop,real,Alpha Male Madness 2018: Nominate Your Favorite TV Actors Now.,images\train\gossipcop-918593_1_02dd4906e5.jpg,b381e492131996e2b2cb05959377793c20d0aa815af2f7bc857046983d85eb96
21,6,6,6,train,gossipcop-897075,gossipcop,real,Jason Aldean Net Worth,images\train\gossipcop-897075_1_0297d15de6.jpg,fc389a9b25bb547e5ee027e242c37ef3f860af8a75afdbc432c825c19bbf43cc
15,7,7,7,train,gossipcop-1821899661,gossipcop,fake,We Really Think Ben Affleck's Girlfriend Lindsay Shookus Is Pregnant,images\train\gossipcop-1821899661_1_8c1a093007.jpg,3d1120eb776c43c7263c293c32adbdeece9112eaf00ed922d1b24a3762dbfab8
8,13,13,13,train,gossipcop-609522805,gossipcop,fake,Inside Caitlyn Jenner’s Skin Cancer Nightmare – Check Out The Disturbing Pics!,images\train\gossipcop-609522805_0_7011549a48.jpg,24a381d1b38177a5d3b7d10fd3cc4fbd2110b51973f600548f55b8d1ee30280e
2,25,25,25,train,gossipcop-869060,gossipcop,real,Atlanta Housewife Kandi Burruss's Ex-Fiancé Killed in Fight,images\train\gossipcop-869060_0_75fcf3b814.jpg,d41d1f9efb49332679396ac8b7cfa0f51cf505041056790074e6d729c0a917b2
10,10,10,10,train,gossipcop-849893,gossipcop,real,Amy Schumer spotted in the Judge Judy courtroom,images\train\gossipcop-849893_0_32171cb205.jpg,44532a0583eb158cd87c609480854a6cbc6e57383b0ce8e8549208e217683795
8,13,13,13,train,gossipcop-5543776726,gossipcop,fake,Brad Pitt Is Reportedly Ready For Neri Oxman To Meet His Kids! How Will Angelina Jolie React?,images\train\gossipcop-5543776726_0_7011549a48.jpg,24a381d1b38177a5d3b7d10fd3cc4fbd2110b51973f600548f55b8d1ee30280e
1,33,33,33,train,gossipcop-889978,gossipcop,real,Shannon Beador Reveals How David Beador Asked for a Divorce,images\train\gossipcop-889978_2_8316ad7c7a.jpg,6d92ed2a1f0519bb5cfbcb70425b856dd1aaf8790b749c73e1bd46d4d20391a7
4,18,18,18,train,gossipcop-862390,gossipcop,real,This New Game of Thrones Season 7 Trailer Is Full of Dragons Battles and Ominous Messages,images\train\gossipcop-862390_2_04de84df93.jpg,b0c13b3bae5301b6795a26a23861e11e08b7347aa93a520ff3f377955ddc4f19
16,7,7,7,train,gossipcop-6219083016,gossipcop,fake,Pregnant Jessica Simpson Shows Off Massive Baby Bump in Pre-Birth Girls' Day Out,images\train\gossipcop-6219083016_0_69e01bbfbb.jpg,3da54976f2cadfc600daf0eda68efb5f13c95da0cf926f7bcae226529457af73
17,7,7,7,train,gossipcop-871638,gossipcop,real,9-Year-Old 'Guardian of the Galaxy' Applies for NASA Job,images\train\gossipcop-871638_0_9f08517f68.jpg,99ad091260bef031fdaddb630f7aeb70911b466bcfe7e5061aa71ab1a64b4117
12,9,9,9,train,gossipcop-4477368195,gossipcop,fake,Rihanna A Ton Of Fun!,images\train\gossipcop-4477368195_0_c589845af4.jpg,ddd8f6eb1317991fb306851232426ad2a3311824a194f8c7bc9ebda1cd9025b1
1,33,33,33,train,gossipcop-896094,gossipcop,real,Seth Meyers and Wife Alexi Ashe Are Expecting Baby No. 2: Details!,images\train\gossipcop-896094_2_8316ad7c7a.jpg,6d92ed2a1f0519bb5cfbcb70425b856dd1aaf8790b749c73e1bd46d4d20391a7
5,15,15,15,train,gossipcop-913235,gossipcop,real,Eiza Gonzalez Switches Up Her Look and Goes Blonde,images\train\gossipcop-913235_0_1b2781c9c4.jpg,733bcb9966523c9373051c4a0a944151c63feedc07e93564750a26281b7c5573
3,23,23,23,train,gossipcop-259465146,gossipcop,fake,Was Charlie Hunnam Booed for Cutting Airport Line?,images\train\gossipcop-259465146_0_cd3a877011.jpg,b0f6ffed41b438fca077245d32fdb00883cdf6919793118a92d0b1a92b7eb434
20,6,6,6,train,gossipcop-870290,gossipcop,real,Did Zayn Malik's Ex Perrie Edwards Diss Gigi? Singer Seems to Sing 'Hope She Ain't Faking It Like Hadid',images\train\gossipcop-870290_0_0c3365f52b.jpg,831c332826c2850fc6ec4f7ceead1a2c7432e2d43dbccdd97a21a920177f3378
10,10,10,10,train,gossipcop-868330,gossipcop,real,Teen Wolf Comic-Con panel: Stars get emotional,images\train\gossipcop-868330_0_32171cb205.jpg,44532a0583eb158cd87c609480854a6cbc6e57383b0ce8e8549208e217683795
7,14,14,14,train,gossipcop-946197,gossipcop,real,Melania Trump wears an 'I don't care' jacket to visit immigrant children in Texas,images\train\gossipcop-946197_0_79bba41ed4.jpg,45d13637de0155e764246b9953b417376f6f80163d0242e846b6bbcd8d7ef544
15,7,7,7,train,gossipcop-162455960,gossipcop,fake,We Really Think Ben Affleck's Girlfriend Lindsay Shookus Is Pregnant,images\train\gossipcop-162455960_1_8c1a093007.jpg,3d1120eb776c43c7263c293c32adbdeece9112eaf00ed922d1b24a3762dbfab8
3,23,23,23,train,gossipcop-937856,gossipcop,real,Sanjaya Makes Surprise 'American Idol' Appearance During Finale,images\train\gossipcop-937856_0_cd3a877011.jpg,b0f6ffed41b438fca077245d32fdb00883cdf6919793118a92d0b1a92b7eb434
24,5,5,5,train,gossipcop-954480,gossipcop,real,"Kristen Cavallari's New Reality Show Is So Bad, It's Good",images\train\gossipcop-954480_0_7f261942c4.jpg,940722979531fb4650db20f9170164db8bda0c8f7c030d3cbd1563f5f6e6ac90
19,6,6,6,train,gossipcop-880759,gossipcop,real,Millie Bobby Brown Considers Her Possibly History-Making Win at the 2017 Emmys ''Surreal'',images\train\gossipcop-880759_1_2febc2406e.jpg,43b9f92209e0d573fdc9f9d37d96184695bdd1e7519226f9f62fede6db1b1d91
6,14,14,14,train,gossipcop-1852746781,gossipcop,fake,What's up with Nicole Kidman?,images\train\gossipcop-1852746781_0_22757645c6.jpg,143e32ffe52abe2f55d9038e1214a42eb7a6e10881ec609a18be9500ed7f5865
11,10,10,10,train,gossipcop-2394982572,gossipcop,fake,Entertainment Tonight,images\train\gossipcop-2394982572_0_1ae196844c.jpg,6e4f3eafbd3fb4f53cec09c19a6bcc8f9786cc01c8f63de67b99c388b6b7b6d2
8,13,13,13,train,gossipcop-7295172272,gossipcop,fake,Jennifer Garner And Josh Duhamel Have Been Secretly Dating For Months,images\train\gossipcop-7295172272_0_7011549a48.jpg,24a381d1b38177a5d3b7d10fd3cc4fbd2110b51973f600548f55b8d1ee30280e
11,10,10,10,train,gossipcop-289348746,gossipcop,fake,Gwen Stefani Admits ‘I’m Obviously At The End Of My Journey Of Being A Musician’,images\train\gossipcop-289348746_0_1ae196844c.jpg,6e4f3eafbd3fb4f53cec09c19a6bcc8f9786cc01c8f63de67b99c388b6b7b6d2
9,12,12,12,train,gossipcop-903035,gossipcop,real,"Tim McGraw Rings in 2018 with Abs, Beards & Cliff Jumps",images\train\gossipcop-903035_0_06c311533a.jpg,7fef15cce525c90be82e7b2c146bdc87813de6b751b08470026e7e92e028e987
1,33,33,33,train,gossipcop-6239519280,gossipcop,fake,"Angelina Jolie: ‘It’s Strange, I Never Wanted to Have a Baby’",images\train\gossipcop-6239519280_2_8316ad7c7a.jpg,6d92ed2a1f0519bb5cfbcb70425b856dd1aaf8790b749c73e1bd46d4d20391a7
5,15,15,15,train,gossipcop-907698,gossipcop,real,Kanye West Is All Smiles at Film Screening After Baby Chicago’s Birth,images\train\gossipcop-907698_0_1b2781c9c4.jpg,733bcb9966523c9373051c4a0a944151c63feedc07e93564750a26281b7c5573
4,18,18,18,train,gossipcop-858742,gossipcop,real,From Jennifer Lopez and Drake to Kourtney Kardashian and Scott Disick: Which Celebs Are Winning the…,images\train\gossipcop-858742_2_04de84df93.jpg,b0c13b3bae5301b6795a26a23861e11e08b7347aa93a520ff3f377955ddc4f19
3,23,23,23,train,gossipcop-9111749094,gossipcop,fake,Rumor About Kim Kardashian Wanting Triplets With Kanye West Debunked,images\train\gossipcop-9111749094_0_cd3a877011.jpg,b0f6ffed41b438fca077245d32fdb00883cdf6919793118a92d0b1a92b7eb434
10,10,10,10,train,gossipcop-915623,gossipcop,real,2018 MTV VMAs will air without a host,images\train\gossipcop-915623_0_32171cb205.jpg,44532a0583eb158cd87c609480854a6cbc6e57383b0ce8e8549208e217683795
8,13,13,13,train,gossipcop-4749592824,gossipcop,fake,Kelly Ripa Leaving ‘Live’? Her Relationship With Ryan Seacrest May Not Be All Unicorns And Rainbows,images\train\gossipcop-4749592824_0_7011549a48.jpg,24a381d1b38177a5d3b7d10fd3cc4fbd2110b51973f600548f55b8d1ee30280e
2,25,25,25,train,gossipcop-871870,gossipcop,real,Mama June's Daughter Lauryn 'Pumpkin' Shannon Welcomes a Baby Girl,images\train\gossipcop-871870_0_75fcf3b814.jpg,d41d1f9efb49332679396ac8b7cfa0f51cf505041056790074e6d729c0a917b2
24,5,5,5,train,gossipcop-4607247108,gossipcop,fake,Netflix Canada March 2018: What's Coming (and Going),images\train\gossipcop-4607247108_0_7f261942c4.jpg,940722979531fb4650db20f9170164db8bda0c8f7c030d3cbd1563f5f6e6ac90
16,7,7,7,train,gossipcop-8556784849,gossipcop,fake,Selena Gomez: I've Never Had a Problem With Drinking,images\train\gossipcop-8556784849_0_69e01bbfbb.jpg,3da54976f2cadfc600daf0eda68efb5f13c95da0cf926f7bcae226529457af73
6,14,14,14,train,gossipcop-5755116247,gossipcop,fake,"Jennifer Aniston Friends News, Photos and Style Updates",images\train\gossipcop-5755116247_1_22757645c6.jpg,143e32ffe52abe2f55d9038e1214a42eb7a6e10881ec609a18be9500ed7f5865
2,25,25,25,train,gossipcop-845527,gossipcop,real,Amanda Bynes Makes a Rare Appearance on Twitter and Stops 'To Smell the Flowers' in Cute Snap,images\train\gossipcop-845527_0_75fcf3b814.jpg,d41d1f9efb49332679396ac8b7cfa0f51cf505041056790074e6d729c0a917b2
19,6,6,6,train,gossipcop-844144,gossipcop,real,Moana's Auli'i Cravalho Just Blessed DWTS With Her Beautiful Voice,images\train\gossipcop-844144_1_2febc2406e.jpg,43b9f92209e0d573fdc9f9d37d96184695bdd1e7519226f9f62fede6db1b1d91
11,10,10,10,train,gossipcop-910891,gossipcop,real,Joel Kinnaman Spent 2 Days ‘Buck Naked’ Covered In Goo For Sci-Fi Series ‘Altered Carbon’,images\train\gossipcop-910891_0_1ae196844c.jpg,6e4f3eafbd3fb4f53cec09c19a6bcc8f9786cc01c8f63de67b99c388b6b7b6d2
8,13,13,13,train,gossipcop-6624787872,gossipcop,fake,KUWK: Kourtney Is ‘Creeped Out’ By Scott Disick’s GF Sofia Richie Morphing Into Her – Feels Like He’s ‘Manipulating’ The Girl,images\train\gossipcop-6624787872_0_7011549a48.jpg,24a381d1b38177a5d3b7d10fd3cc4fbd2110b51973f600548f55b8d1ee30280e
3,23,23,23,train,gossipcop-924683,gossipcop,real,Kardashian Family 'Not Surprised' by Blac Chyna Six Flags Fight,images\train\gossipcop-924683_0_cd3a877011.jpg,b0f6ffed41b438fca077245d32fdb00883cdf6919793118a92d0b1a92b7eb434
4,18,18,18,train,gossipcop-861019,gossipcop,real,J Balvin Reveals If He’s Related to the Women in a Viral Video Claiming to Be His Aunts,images\train\gossipcop-861019_2_04de84df93.jpg,b0c13b3bae5301b6795a26a23861e11e08b7347aa93a520ff3f377955ddc4f19
1,33,33,33,train,gossipcop-546100856,gossipcop,fake,"Fergie Gives Birth: Singer, Josh Duhamel Welcome Baby Boy Axl Jack",images\train\gossipcop-546100856_2_8316ad7c7a.jpg,6d92ed2a1f0519bb5cfbcb70425b856dd1aaf8790b749c73e1bd46d4d20391a7
2,25,25,25,train,gossipcop-877363,gossipcop,real,DJ Khaled Flies for First Time in 10 Years – All Thanks to Son Asahd: He 'Made Me Overcome My Fear',images\train\gossipcop-877363_0_75fcf3b814.jpg,d41d1f9efb49332679396ac8b7cfa0f51cf505041056790074e6d729c0a917b2
15,7,7,7,train,gossipcop-2970855725,gossipcop,fake,Poor Joe Jonas Is Trying Desperately To Look Like Ex Gigi Hadid's New Boyfriend Zayn Malik,images\train\gossipcop-2970855725_1_8c1a093007.jpg,3d1120eb776c43c7263c293c32adbdeece9112eaf00ed922d1b24a3762dbfab8
11,10,10,10,train,gossipcop-7638015229,gossipcop,fake,"Justin Bieber Slams HollywoodLife, Claims The Site Is ‘ Untruthful And Hurtful’",images\train\gossipcop-7638015229_0_1ae196844c.jpg,6e4f3eafbd3fb4f53cec09c19a6bcc8f9786cc01c8f63de67b99c388b6b7b6d2
8,13,13,13,train,gossipcop-6343588433,gossipcop,fake,Selena Gomez Really Wants A Kiss From Justin Bieber On New Year’s Eve!,images\train\gossipcop-6343588433_0_7011549a48.jpg,24a381d1b38177a5d3b7d10fd3cc4fbd2110b51973f600548f55b8d1ee30280e
10,10,10,10,train,gossipcop-946884,gossipcop,real,Taylor Swift is 'stoked' to hang out with J.K. Rowling and Adele in London,images\train\gossipcop-946884_0_32171cb205.jpg,44532a0583eb158cd87c609480854a6cbc6e57383b0ce8e8549208e217683795
1,33,33,33,train,gossipcop-1277722904,gossipcop,fake,Ethan Hawke Is on Angelina Jolie’s Christmas Card List,images\train\gossipcop-1277722904_2_8316ad7c7a.jpg,6d92ed2a1f0519bb5cfbcb70425b856dd1aaf8790b749c73e1bd46d4d20391a7
1,33,33,33,train,gossipcop-4439841665,gossipcop,fake,Luke Bryan Jokes Gwen Stefani Is Too Hot for Blake Shelton: Watch,images\train\gossipcop-4439841665_1_8316ad7c7a.jpg,6d92ed2a1f0519bb5cfbcb70425b856dd1aaf8790b749c73e1bd46d4d20391a7
20,6,6,6,train,gossipcop-903981,gossipcop,real,Justin Timberlake Reveals How He Fell in Love with Jessica Biel,images\train\gossipcop-903981_0_0c3365f52b.jpg,831c332826c2850fc6ec4f7ceead1a2c7432e2d43dbccdd97a21a920177f3378
18,6,6,6,train,gossipcop-3745255453,gossipcop,fake,Gwen Stefani Is Still Smitten With Blake Shelton and 'Has Never Once' Tried to Change Him (Exclusive),images\train\gossipcop-3745255453_0_5188f6bfd7.jpg,144f24a855ac78d963787859ca29e3960490e514e809206b009faae2b25b53ff
1,33,33,33,train,gossipcop-9226500572,gossipcop,fake,Taylor Swift Cuts Off Selena Gomez After Justin Bieber Reunion,images\train\gossipcop-9226500572_2_8316ad7c7a.jpg,6d92ed2a1f0519bb5cfbcb70425b856dd1aaf8790b749c73e1bd46d4d20391a7
3,23,23,23,train,gossipcop-895001,gossipcop,real,Here's How Keith Urban and Nicole Kidman Are Spending the Holidays,images\train\gossipcop-895001_0_cd3a877011.jpg,b0f6ffed41b438fca077245d32fdb00883cdf6919793118a92d0b1a92b7eb434
2,25,25,25,train,gossipcop-2096039206,gossipcop,fake,12 Reasons Kaia Gerber Is the Next Kendall Jenner,images\train\gossipcop-2096039206_0_75fcf3b814.jpg,d41d1f9efb49332679396ac8b7cfa0f51cf505041056790074e6d729c0a917b2
13,8,8,8,train,gossipcop-7231965019,gossipcop,fake,Trump warns North Korea of 'fire and fury',images\train\gossipcop-7231965019_0_fd40f6272e.jpg,3a096c75f092796add8dd2d74062a9d6ed8aa7bc42ca1fbf1e197c30869d66b4
6,14,14,14,train,gossipcop-888987,gossipcop,real,George Clooney News and Updates on Movies and Wife Amal,images\train\gossipcop-888987_1_22757645c6.jpg,143e32ffe52abe2f55d9038e1214a42eb7a6e10881ec609a18be9500ed7f5865
12,9,9,9,train,gossipcop-2111996495,gossipcop,fake,Seacrest Walks Out On Live!,images\train\gossipcop-2111996495_0_c589845af4.jpg,ddd8f6eb1317991fb306851232426ad2a3311824a194f8c7bc9ebda1cd9025b1
14,7,7,7,train,gossipcop-902846,gossipcop,real,Here's Why Justin Timberlake Fans Are Convinced New Music Is Coming Soon,images\train\gossipcop-902846_0_e82bd69dcc.jpg,1ea6c1e53f1a42bf9ec83d8741b49ca9f2b4af6908431e6847f6c97cdc19f0e8
5,15,15,15,train,gossipcop-918396,gossipcop,real,"Jennifer Lawrence, Jordan Peele, Meryl Streep and More Stars Caught in Candid Moments at the 2018 Oscars",images\train\gossipcop-918396_0_1b2781c9c4.jpg,733bcb9966523c9373051c4a0a944151c63feedc07e93564750a26281b7c5573
5,15,15,15,train,gossipcop-933819,gossipcop,real,Taylor Swift’s Big Return: All the Best Moments From the Kickoff of Her Reputation Stadium Tour,images\train\gossipcop-933819_0_1b2781c9c4.jpg,733bcb9966523c9373051c4a0a944151c63feedc07e93564750a26281b7c5573
14,7,7,7,train,gossipcop-903891,gossipcop,real,Seth Meyers Jokes He's Planning a Duet With Oprah Winfrey at the 2018 Golden Globes,images\train\gossipcop-903891_0_e82bd69dcc.jpg,1ea6c1e53f1a42bf9ec83d8741b49ca9f2b4af6908431e6847f6c97cdc19f0e8
12,9,9,9,train,gossipcop-3057200928,gossipcop,fake,Faith Hill Throat Cancer Panic!,images\train\gossipcop-3057200928_0_c589845af4.jpg,ddd8f6eb1317991fb306851232426ad2a3311824a194f8c7bc9ebda1cd9025b1
