family,model,architecture,image_backbone,data_policy,optimizer,learning_rate,weight_decay,dropout,latent_dim,image_size,batch_size,epochs,best_epoch,trainable_params,val_accuracy,val_macro_f1,val_precision_macro,val_recall_macro,test_accuracy,test_macro_f1,test_precision_macro,test_recall_macro,checkpoint,status,run
neural_text,Text-only MLP | AdamW wd=1e-4,text_only_mlp,none,all_samples_with_placeholder,AdamW,0.001,0.0001,0.35,128,128,16,5,3.0,164994.0,0.7429864253393665,0.7420380490178671,0.744742507037589,0.742163281623772,0.7314647377938517,0.7302897511878985,0.7336525108298284,0.7305840485660456,best_final_trial_Text-only_MLP_AdamW_wd_1e-4.pt,completed,
neural_multimodal,Custom ConvNet fusion | Adam no wd,fusion,custom_convnet,all_samples_with_placeholder,Adam,0.001,0.0,0.35,128,128,16,5,5.0,242306.0,0.7457013574660634,0.7454311572488643,0.7458545939307972,0.7453615409318207,0.744122965641953,0.7435777279858434,0.7449176931046391,0.7435694473518946,best_final_trial_Custom_ConvNet_fusion_Adam_no_wd.pt,completed,
neural_multimodal,Custom ConvNet fusion | AdamW wd=1e-4,fusion,custom_convnet,all_samples_with_placeholder,AdamW,0.001,0.0001,0.35,128,128,16,5,5.0,242306.0,0.7457013574660634,0.7454311572488643,0.7458545939307972,0.7453615409318207,0.7332730560578662,0.7325118568892933,0.7344539726813251,0.7325989114507012,best_final_trial_Custom_ConvNet_fusion_AdamW_wd_1e-4.pt,completed,
neural_multimodal,Custom ConvNet fusion | AdamW wd=1e-3,fusion,custom_convnet,all_samples_with_placeholder,AdamW,0.001,0.001,0.4,128,128,16,5,5.0,242306.0,0.7502262443438914,0.74988190371216,0.7505505087687009,0.7498099395083332,0.7450271247739603,0.7441704808307495,0.7466576833650391,0.744282499476659,best_final_trial_Custom_ConvNet_fusion_AdamW_wd_1e-3.pt,completed,
neural_multimodal,Custom ConvNet fusion | SGD momentum wd=1e-4,fusion,custom_convnet,all_samples_with_placeholder,SGD,0.005,0.0001,0.35,128,128,16,5,5.0,242306.0,0.7520361990950226,0.7514644365202887,0.7529271765931356,0.751433645950073,0.7486437613019892,0.747950604653603,0.7498846437799926,0.7479884079966506,best_final_trial_Custom_ConvNet_fusion_SGD_momentum_wd_1e-4.pt,completed,
neural_multimodal,ResNet18 fusion | AdamW wd=1e-4,fusion,resnet18,all_samples_with_placeholder,AdamW,0.0003,0.0001,0.35,128,224,8,4,2.0,11374274.0,0.751131221719457,0.7507711638443286,0.7514957264957265,0.7506996192236357,0.7658227848101266,0.7655604087842621,0.766092943201377,0.7654810812225246,best_final_trial_ResNet18_fusion_AdamW_wd_1e-4.pt,completed,
neural_multimodal,Custom ConvNet fusion valid-images-only | AdamW wd=1e-4,fusion,custom_convnet,valid_images_only,AdamW,0.001,0.0001,0.35,128,128,16,5,5.0,242306.0,0.7245901639344262,0.7238301587814895,0.7251623376623376,0.7237674238513164,0.7130872483221476,0.7118534330425932,0.7137331634510375,0.7117601974685257,best_final_trial_Custom_ConvNet_fusion_valid-images-only_AdamW_wd_1e-4.pt,completed,
neural_multimodal,Inception-v3 fusion | AdamW wd=1e-4,fusion,inception_v3,all_samples_with_placeholder,AdamW,0.0003,0.0001,0.35,128,299,4,0,,,,,,,,,,,,skipped_by_config,False
neural_multimodal,Vision Transformer ViT-B/16 fusion | AdamW wd=1e-4,fusion,vit_b_16,all_samples_with_placeholder,AdamW,0.0001,0.0001,0.35,128,224,2,0,,,,,,,,,,,,skipped_by_config,False
